<Anims>
 <anim name="hit" root="entrance" numframes="475" framerate="40">
  <frame idx="0" w="1105" h="1532" x="-3.886993" y="-391.021973">
   <element name="candy_house" layername="1" frame="1" z_index="6" m_a="1.000000" m_b="0.000000" m_c="0.000000" m_d="1.000000" m_tx="0.000000" m_ty="0.000000"/>
  </frame>
  <frame idx="25" w="1105" h="1532" x="-3.886993" y="-391.021973">
   <element name="candy_house" layername="1" frame="1" z_index="6" m_a="1.000000" m_b="0.000000" m_c="0.000000" m_d="1.000000" m_tx="0.000000" m_ty="0.000000"/>
  </frame>
  <frame idx="50" w="1105" h="1532" x="-3.886993" y="-391.021973">
   <element name="candy_house" layername="1" frame="1" z_index="6" m_a="1.000000" m_b="0.000000" m_c="0.000000" m_d="1.000000" m_tx="0.000000" m_ty="0.000000"/>
  </frame>
  <frame idx="75" w="1107" h="1536" x="-2.554138" y="-392.358429">
   <element name="candy_house" layername="1" frame="1" z_index="6" m_a="0.999996" m_b="-0.002669" m_c="0.002669" m_d="0.999996" m_tx="0.000000" m_ty="0.000000"/>
  </frame>
  <frame idx="100" w="1109" h="1544" x="-0.000946" y="-394.938477">
   <element name="candy_house" layername="1" frame="1" z_index="6" m_a="0.999970" m_b="-0.007803" m_c="0.007803" m_d="0.999970" m_tx="0.000000" m_ty="0.000000"/>
  </frame>
  <frame idx="125" w="1113" h="1553" x="2.538971" y="-397.531616">
   <element name="candy_house" layername="1" frame="1" z_index="6" m_a="0.999916" m_b="-0.012936" m_c="0.012936" m_d="0.999916" m_tx="0.000000" m_ty="0.000000"/>
  </frame>
  <frame idx="150" w="1115" h="1559" x="4.486420" y="-399.538025">
   <element name="candy_house" layername="1" frame="1" z_index="6" m_a="0.999857" m_b="-0.016889" m_c="0.016889" m_d="0.999857" m_tx="0.000000" m_ty="0.000000"/>
  </frame>
  <frame idx="175" w="1111" h="1551" x="2.174927" y="-397.158295">
   <element name="candy_house" layername="1" frame="1" z_index="6" m_a="0.999926" m_b="-0.012198" m_c="0.012198" m_d="0.999926" m_tx="0.000000" m_ty="0.000000"/>
  </frame>
  <frame idx="200" w="1109" h="1544" x="-0.147736" y="-394.789429">
   <element name="candy_house" layername="1" frame="1" z_index="6" m_a="0.999972" m_b="-0.007507" m_c="0.007507" m_d="0.999972" m_tx="0.000000" m_ty="0.000000"/>
  </frame>
  <frame idx="225" w="1107" h="1536" x="-2.481415" y="-392.431458">
   <element name="candy_house" layername="1" frame="1" z_index="6" m_a="0.999996" m_b="-0.002815" m_c="0.002815" m_d="0.999996" m_tx="0.000000" m_ty="0.000000"/>
  </frame>
  <frame idx="250" w="1108" h="1532" x="-4.796844" y="-390.113770">
   <element name="candy_house" layername="1" frame="1" z_index="6" m_a="0.999998" m_b="0.001818" m_c="-0.001818" m_d="0.999998" m_tx="0.000000" m_ty="0.000000"/>
  </frame>
  <frame idx="275" w="1116" h="1535" x="-7.078674" y="-387.850525">
   <element name="candy_house" layername="1" frame="1" z_index="6" m_a="0.999980" m_b="0.006363" m_c="-0.006363" m_d="0.999980" m_tx="0.000000" m_ty="0.000000"/>
  </frame>
  <frame idx="300" w="1124" h="1537" x="-9.370789" y="-385.597687">
   <element name="candy_house" layername="1" frame="1" z_index="6" m_a="0.999941" m_b="0.010908" m_c="-0.010908" m_d="0.999941" m_tx="0.000000" m_ty="0.000000"/>
  </frame>
  <frame idx="325" w="1131" h="1539" x="-11.673096" y="-383.355255">
   <element name="candy_house" layername="1" frame="1" z_index="6" m_a="0.999881" m_b="0.015453" m_c="-0.015453" m_d="0.999881" m_tx="0.000000" m_ty="0.000000"/>
  </frame>
  <frame idx="350" w="1129" h="1539" x="-11.003601" y="-384.005280">
   <element name="candy_house" layername="1" frame="1" z_index="6" m_a="0.999900" m_b="0.014133" m_c="-0.014133" m_d="0.999900" m_tx="0.000000" m_ty="0.000000"/>
  </frame>
  <frame idx="375" w="1119" h="1536" x="-8.006653" y="-386.936005">
   <element name="candy_house" layername="1" frame="1" z_index="6" m_a="0.999966" m_b="0.008206" m_c="-0.008206" m_d="0.999966" m_tx="0.000000" m_ty="0.000000"/>
  </frame>
  <frame idx="400" w="1109" h="1533" x="-5.026917" y="-389.884674">
   <element name="candy_house" layername="1" frame="1" z_index="6" m_a="0.999997" m_b="0.002277" m_c="-0.002277" m_d="0.999997" m_tx="0.000000" m_ty="0.000000"/>
  </frame>
  <frame idx="425" w="1106" h="1532" x="-3.942444" y="-390.966522">
   <element name="candy_house" layername="1" frame="1" z_index="6" m_a="1.000000" m_b="0.000111" m_c="-0.000111" m_d="1.000000" m_tx="0.000000" m_ty="0.000000"/>
  </frame>
  <frame idx="450" w="1105" h="1532" x="-3.917664" y="-390.991302">
   <element name="candy_house" layername="1" frame="1" z_index="6" m_a="1.000000" m_b="0.000061" m_c="-0.000061" m_d="1.000000" m_tx="0.000000" m_ty="0.000000"/>
  </frame>
 </anim>
 <anim name="idle" root="entrance" numframes="1000" framerate="40">
  <frame idx="0" w="1105" h="1532" x="-3.886993" y="-391.021973">
   <element name="candy_house" layername="1" frame="1" z_index="6" m_a="1.000000" m_b="0.000000" m_c="0.000000" m_d="1.000000" m_tx="0.000000" m_ty="0.000000"/>
  </frame>
  <frame idx="25" w="1105" h="1532" x="-3.886993" y="-391.021973">
   <element name="candy_house" layername="1" frame="1" z_index="6" m_a="1.000000" m_b="0.000000" m_c="0.000000" m_d="1.000000" m_tx="0.000000" m_ty="0.000000"/>
  </frame>
  <frame idx="50" w="1105" h="1532" x="-3.886993" y="-391.021973">
   <element name="candy_house" layername="1" frame="1" z_index="6" m_a="1.000000" m_b="0.000000" m_c="0.000000" m_d="1.000000" m_tx="0.000000" m_ty="0.000000"/>
  </frame>
  <frame idx="75" w="1105" h="1532" x="-3.886993" y="-391.021973">
   <element name="candy_house" layername="1" frame="1" z_index="6" m_a="1.000000" m_b="0.000000" m_c="0.000000" m_d="1.000000" m_tx="0.000000" m_ty="0.000000"/>
  </frame>
  <frame idx="100" w="1105" h="1532" x="-3.886993" y="-391.021973">
   <element name="candy_house" layername="1" frame="1" z_index="6" m_a="1.000000" m_b="0.000000" m_c="0.000000" m_d="1.000000" m_tx="0.000000" m_ty="0.000000"/>
  </frame>
  <frame idx="125" w="1105" h="1532" x="-3.886993" y="-391.021973">
   <element name="candy_house" layername="1" frame="1" z_index="6" m_a="1.000000" m_b="0.000000" m_c="0.000000" m_d="1.000000" m_tx="0.000000" m_ty="0.000000"/>
  </frame>
  <frame idx="150" w="1105" h="1532" x="-3.886993" y="-391.021973">
   <element name="candy_house" layername="1" frame="1" z_index="6" m_a="1.000000" m_b="0.000000" m_c="0.000000" m_d="1.000000" m_tx="0.000000" m_ty="0.000000"/>
  </frame>
  <frame idx="175" w="1105" h="1532" x="-3.886993" y="-391.021973">
   <element name="candy_house" layername="1" frame="1" z_index="6" m_a="1.000000" m_b="0.000000" m_c="0.000000" m_d="1.000000" m_tx="0.000000" m_ty="0.000000"/>
  </frame>
  <frame idx="200" w="1105" h="1532" x="-3.886993" y="-391.021973">
   <element name="candy_house" layername="1" frame="1" z_index="6" m_a="1.000000" m_b="0.000000" m_c="0.000000" m_d="1.000000" m_tx="0.000000" m_ty="0.000000"/>
  </frame>
  <frame idx="225" w="1105" h="1532" x="-3.886993" y="-391.021973">
   <element name="candy_house" layername="1" frame="1" z_index="6" m_a="1.000000" m_b="0.000000" m_c="0.000000" m_d="1.000000" m_tx="0.000000" m_ty="0.000000"/>
  </frame>
  <frame idx="250" w="1105" h="1532" x="-3.886993" y="-391.021973">
   <element name="candy_house" layername="1" frame="1" z_index="6" m_a="1.000000" m_b="0.000000" m_c="0.000000" m_d="1.000000" m_tx="0.000000" m_ty="0.000000"/>
  </frame>
  <frame idx="275" w="1105" h="1532" x="-3.886993" y="-391.021973">
   <element name="candy_house" layername="1" frame="1" z_index="6" m_a="1.000000" m_b="0.000000" m_c="0.000000" m_d="1.000000" m_tx="0.000000" m_ty="0.000000"/>
  </frame>
  <frame idx="300" w="1105" h="1532" x="-3.886993" y="-391.021973">
   <element name="candy_house" layername="1" frame="1" z_index="6" m_a="1.000000" m_b="0.000000" m_c="0.000000" m_d="1.000000" m_tx="0.000000" m_ty="0.000000"/>
  </frame>
  <frame idx="325" w="1105" h="1532" x="-3.886993" y="-391.021973">
   <element name="candy_house" layername="1" frame="1" z_index="6" m_a="1.000000" m_b="0.000000" m_c="0.000000" m_d="1.000000" m_tx="0.000000" m_ty="0.000000"/>
  </frame>
  <frame idx="350" w="1105" h="1532" x="-3.886993" y="-391.021973">
   <element name="candy_house" layername="1" frame="1" z_index="6" m_a="1.000000" m_b="0.000000" m_c="0.000000" m_d="1.000000" m_tx="0.000000" m_ty="0.000000"/>
  </frame>
  <frame idx="375" w="1105" h="1532" x="-3.886993" y="-391.021973">
   <element name="candy_house" layername="1" frame="1" z_index="6" m_a="1.000000" m_b="0.000000" m_c="0.000000" m_d="1.000000" m_tx="0.000000" m_ty="0.000000"/>
  </frame>
  <frame idx="400" w="1105" h="1532" x="-3.886993" y="-391.021973">
   <element name="candy_house" layername="1" frame="1" z_index="6" m_a="1.000000" m_b="0.000000" m_c="0.000000" m_d="1.000000" m_tx="0.000000" m_ty="0.000000"/>
  </frame>
  <frame idx="425" w="1105" h="1532" x="-3.886993" y="-391.021973">
   <element name="candy_house" layername="1" frame="1" z_index="6" m_a="1.000000" m_b="0.000000" m_c="0.000000" m_d="1.000000" m_tx="0.000000" m_ty="0.000000"/>
  </frame>
  <frame idx="450" w="1105" h="1532" x="-3.886993" y="-391.021973">
   <element name="candy_house" layername="1" frame="1" z_index="6" m_a="1.000000" m_b="0.000000" m_c="0.000000" m_d="1.000000" m_tx="0.000000" m_ty="0.000000"/>
  </frame>
  <frame idx="475" w="1105" h="1532" x="-3.886993" y="-391.021973">
   <element name="candy_house" layername="1" frame="1" z_index="6" m_a="1.000000" m_b="0.000000" m_c="0.000000" m_d="1.000000" m_tx="0.000000" m_ty="0.000000"/>
  </frame>
  <frame idx="500" w="1105" h="1532" x="-3.886993" y="-391.021973">
   <element name="candy_house" layername="1" frame="1" z_index="6" m_a="1.000000" m_b="0.000000" m_c="0.000000" m_d="1.000000" m_tx="0.000000" m_ty="0.000000"/>
  </frame>
  <frame idx="525" w="1105" h="1532" x="-3.886993" y="-391.021973">
   <element name="candy_house" layername="1" frame="1" z_index="6" m_a="1.000000" m_b="0.000000" m_c="0.000000" m_d="1.000000" m_tx="0.000000" m_ty="0.000000"/>
  </frame>
  <frame idx="550" w="1105" h="1532" x="-3.886993" y="-391.021973">
   <element name="candy_house" layername="1" frame="1" z_index="6" m_a="1.000000" m_b="0.000000" m_c="0.000000" m_d="1.000000" m_tx="0.000000" m_ty="0.000000"/>
  </frame>
  <frame idx="575" w="1105" h="1532" x="-3.886993" y="-391.021973">
   <element name="candy_house" layername="1" frame="1" z_index="6" m_a="1.000000" m_b="0.000000" m_c="0.000000" m_d="1.000000" m_tx="0.000000" m_ty="0.000000"/>
  </frame>
  <frame idx="600" w="1105" h="1532" x="-3.886993" y="-391.021973">
   <element name="candy_house" layername="1" frame="1" z_index="6" m_a="1.000000" m_b="0.000000" m_c="0.000000" m_d="1.000000" m_tx="0.000000" m_ty="0.000000"/>
  </frame>
  <frame idx="625" w="1105" h="1532" x="-3.886993" y="-391.021973">
   <element name="candy_house" layername="1" frame="1" z_index="6" m_a="1.000000" m_b="0.000000" m_c="0.000000" m_d="1.000000" m_tx="0.000000" m_ty="0.000000"/>
  </frame>
  <frame idx="650" w="1105" h="1532" x="-3.886993" y="-391.021973">
   <element name="candy_house" layername="1" frame="1" z_index="6" m_a="1.000000" m_b="0.000000" m_c="0.000000" m_d="1.000000" m_tx="0.000000" m_ty="0.000000"/>
  </frame>
  <frame idx="675" w="1105" h="1532" x="-3.886993" y="-391.021973">
   <element name="candy_house" layername="1" frame="1" z_index="6" m_a="1.000000" m_b="0.000000" m_c="0.000000" m_d="1.000000" m_tx="0.000000" m_ty="0.000000"/>
  </frame>
  <frame idx="700" w="1105" h="1532" x="-3.886993" y="-391.021973">
   <element name="candy_house" layername="1" frame="1" z_index="6" m_a="1.000000" m_b="0.000000" m_c="0.000000" m_d="1.000000" m_tx="0.000000" m_ty="0.000000"/>
  </frame>
  <frame idx="725" w="1105" h="1532" x="-3.886993" y="-391.021973">
   <element name="candy_house" layername="1" frame="1" z_index="6" m_a="1.000000" m_b="0.000000" m_c="0.000000" m_d="1.000000" m_tx="0.000000" m_ty="0.000000"/>
  </frame>
  <frame idx="750" w="1105" h="1532" x="-3.886993" y="-391.021973">
   <element name="candy_house" layername="1" frame="1" z_index="6" m_a="1.000000" m_b="0.000000" m_c="0.000000" m_d="1.000000" m_tx="0.000000" m_ty="0.000000"/>
  </frame>
  <frame idx="775" w="1105" h="1532" x="-3.886993" y="-391.021973">
   <element name="candy_house" layername="1" frame="1" z_index="6" m_a="1.000000" m_b="0.000000" m_c="0.000000" m_d="1.000000" m_tx="0.000000" m_ty="0.000000"/>
  </frame>
  <frame idx="800" w="1105" h="1532" x="-3.886993" y="-391.021973">
   <element name="candy_house" layername="1" frame="1" z_index="6" m_a="1.000000" m_b="0.000000" m_c="0.000000" m_d="1.000000" m_tx="0.000000" m_ty="0.000000"/>
  </frame>
  <frame idx="825" w="1105" h="1532" x="-3.886993" y="-391.021973">
   <element name="candy_house" layername="1" frame="1" z_index="6" m_a="1.000000" m_b="0.000000" m_c="0.000000" m_d="1.000000" m_tx="0.000000" m_ty="0.000000"/>
  </frame>
  <frame idx="850" w="1105" h="1532" x="-3.886993" y="-391.021973">
   <element name="candy_house" layername="1" frame="1" z_index="6" m_a="1.000000" m_b="0.000000" m_c="0.000000" m_d="1.000000" m_tx="0.000000" m_ty="0.000000"/>
  </frame>
  <frame idx="875" w="1105" h="1532" x="-3.886993" y="-391.021973">
   <element name="candy_house" layername="1" frame="1" z_index="6" m_a="1.000000" m_b="0.000000" m_c="0.000000" m_d="1.000000" m_tx="0.000000" m_ty="0.000000"/>
  </frame>
  <frame idx="900" w="1105" h="1532" x="-3.886993" y="-391.021973">
   <element name="candy_house" layername="1" frame="1" z_index="6" m_a="1.000000" m_b="0.000000" m_c="0.000000" m_d="1.000000" m_tx="0.000000" m_ty="0.000000"/>
  </frame>
  <frame idx="925" w="1105" h="1532" x="-3.886993" y="-391.021973">
   <element name="candy_house" layername="1" frame="1" z_index="6" m_a="1.000000" m_b="0.000000" m_c="0.000000" m_d="1.000000" m_tx="0.000000" m_ty="0.000000"/>
  </frame>
  <frame idx="950" w="1105" h="1532" x="-3.886993" y="-391.021973">
   <element name="candy_house" layername="1" frame="1" z_index="6" m_a="1.000000" m_b="0.000000" m_c="0.000000" m_d="1.000000" m_tx="0.000000" m_ty="0.000000"/>
  </frame>
  <frame idx="975" w="1105" h="1532" x="-3.886993" y="-391.021973">
   <element name="candy_house" layername="1" frame="1" z_index="6" m_a="1.000000" m_b="0.000000" m_c="0.000000" m_d="1.000000" m_tx="0.000000" m_ty="0.000000"/>
  </frame>
 </anim>
 <anim name="door_closing" root="entrance" numframes="400" framerate="40">
  <frame idx="0" w="1105" h="1532" x="-3.886993" y="-391.021973">
   <element name="candy_house" layername="1" frame="1" z_index="6" m_a="1.000000" m_b="0.000000" m_c="0.000000" m_d="1.000000" m_tx="0.000000" m_ty="0.000000"/>
  </frame>
  <frame idx="25" w="1105" h="1532" x="-3.886993" y="-391.021973">
   <element name="candy_house" layername="1" frame="1" z_index="6" m_a="1.000000" m_b="0.000000" m_c="0.000000" m_d="1.000000" m_tx="0.000000" m_ty="0.000000"/>
  </frame>
  <frame idx="50" w="1105" h="1532" x="-3.886993" y="-391.021973">
   <element name="candy_house" layername="1" frame="1" z_index="6" m_a="1.000000" m_b="0.000000" m_c="0.000000" m_d="1.000000" m_tx="0.000000" m_ty="0.000000"/>
  </frame>
  <frame idx="75" w="1105" h="1532" x="-3.886993" y="-391.021973">
   <element name="candy_house" layername="1" frame="1" z_index="6" m_a="1.000000" m_b="0.000000" m_c="0.000000" m_d="1.000000" m_tx="0.000000" m_ty="0.000000"/>
  </frame>
  <frame idx="100" w="1105" h="1532" x="-3.886993" y="-391.021973">
   <element name="candy_house" layername="1" frame="2" z_index="6" m_a="1.000000" m_b="0.000000" m_c="0.000000" m_d="1.000000" m_tx="0.000000" m_ty="0.000000"/>
  </frame>
  <frame idx="125" w="1105" h="1532" x="-3.886993" y="-391.021973">
   <element name="candy_house" layername="1" frame="2" z_index="6" m_a="1.000000" m_b="0.000000" m_c="0.000000" m_d="1.000000" m_tx="0.000000" m_ty="0.000000"/>
  </frame>
  <frame idx="150" w="1105" h="1532" x="-3.886993" y="-391.021973">
   <element name="candy_house" layername="1" frame="2" z_index="6" m_a="1.000000" m_b="0.000000" m_c="0.000000" m_d="1.000000" m_tx="0.000000" m_ty="0.000000"/>
  </frame>
  <frame idx="175" w="1105" h="1532" x="-3.886993" y="-391.021973">
   <element name="candy_house" layername="1" frame="2" z_index="6" m_a="1.000000" m_b="0.000000" m_c="0.000000" m_d="1.000000" m_tx="0.000000" m_ty="0.000000"/>
  </frame>
  <frame idx="200" w="1105" h="1532" x="-3.886993" y="-391.021973">
   <element name="candy_house" layername="1" frame="1" z_index="6" m_a="1.000000" m_b="0.000000" m_c="0.000000" m_d="1.000000" m_tx="0.000000" m_ty="0.000000"/>
  </frame>
  <frame idx="225" w="1105" h="1532" x="-3.886993" y="-391.021973">
   <element name="candy_house" layername="1" frame="1" z_index="6" m_a="1.000000" m_b="0.000000" m_c="0.000000" m_d="1.000000" m_tx="0.000000" m_ty="0.000000"/>
  </frame>
  <frame idx="250" w="1105" h="1532" x="-3.886993" y="-391.021973">
   <element name="candy_house" layername="1" frame="1" z_index="6" m_a="1.000000" m_b="0.000000" m_c="0.000000" m_d="1.000000" m_tx="0.000000" m_ty="0.000000"/>
  </frame>
  <frame idx="275" w="1105" h="1532" x="-3.886993" y="-391.021973">
   <element name="candy_house" layername="1" frame="1" z_index="6" m_a="1.000000" m_b="0.000000" m_c="0.000000" m_d="1.000000" m_tx="0.000000" m_ty="0.000000"/>
  </frame>
  <frame idx="300" w="1105" h="1532" x="-3.886993" y="-391.021973">
   <element name="candy_house" layername="1" frame="1" z_index="6" m_a="1.000000" m_b="0.000000" m_c="0.000000" m_d="1.000000" m_tx="0.000000" m_ty="0.000000"/>
  </frame>
  <frame idx="325" w="1105" h="1532" x="-3.886993" y="-391.021973">
   <element name="candy_house" layername="1" frame="1" z_index="6" m_a="1.000000" m_b="0.000000" m_c="0.000000" m_d="1.000000" m_tx="0.000000" m_ty="0.000000"/>
  </frame>
  <frame idx="350" w="1105" h="1532" x="-3.886993" y="-391.021973">
   <element name="candy_house" layername="1" frame="1" z_index="6" m_a="1.000000" m_b="0.000000" m_c="0.000000" m_d="1.000000" m_tx="0.000000" m_ty="0.000000"/>
  </frame>
  <frame idx="375" w="1105" h="1532" x="-3.886993" y="-391.021973">
   <element name="candy_house" layername="1" frame="1" z_index="6" m_a="1.000000" m_b="0.000000" m_c="0.000000" m_d="1.000000" m_tx="0.000000" m_ty="0.000000"/>
  </frame>
 </anim>
 <anim name="idle" root="exit" numframes="1000" framerate="40">
  <frame idx="0" w="1116" h="1517" x="-13.619019" y="-371.307068">
   <element name="candy_house" layername="3" frame="3" z_index="6" m_a="1.000000" m_b="0.000000" m_c="0.000000" m_d="1.000000" m_tx="0.000000" m_ty="0.000000"/>
  </frame>
  <frame idx="25" w="1116" h="1517" x="-13.619019" y="-371.307068">
   <element name="candy_house" layername="3" frame="3" z_index="6" m_a="1.000000" m_b="0.000000" m_c="0.000000" m_d="1.000000" m_tx="0.000000" m_ty="0.000000"/>
  </frame>
  <frame idx="50" w="1116" h="1517" x="-13.619019" y="-371.307068">
   <element name="candy_house" layername="3" frame="3" z_index="6" m_a="1.000000" m_b="0.000000" m_c="0.000000" m_d="1.000000" m_tx="0.000000" m_ty="0.000000"/>
  </frame>
  <frame idx="75" w="1116" h="1517" x="-13.619019" y="-371.307068">
   <element name="candy_house" layername="3" frame="3" z_index="6" m_a="1.000000" m_b="0.000000" m_c="0.000000" m_d="1.000000" m_tx="0.000000" m_ty="0.000000"/>
  </frame>
  <frame idx="100" w="1116" h="1517" x="-13.619019" y="-371.307068">
   <element name="candy_house" layername="3" frame="3" z_index="6" m_a="1.000000" m_b="0.000000" m_c="0.000000" m_d="1.000000" m_tx="0.000000" m_ty="0.000000"/>
  </frame>
  <frame idx="125" w="1116" h="1517" x="-13.619019" y="-371.307068">
   <element name="candy_house" layername="3" frame="3" z_index="6" m_a="1.000000" m_b="0.000000" m_c="0.000000" m_d="1.000000" m_tx="0.000000" m_ty="0.000000"/>
  </frame>
  <frame idx="150" w="1116" h="1517" x="-13.619019" y="-371.307068">
   <element name="candy_house" layername="3" frame="3" z_index="6" m_a="1.000000" m_b="0.000000" m_c="0.000000" m_d="1.000000" m_tx="0.000000" m_ty="0.000000"/>
  </frame>
  <frame idx="175" w="1116" h="1517" x="-13.619019" y="-371.307068">
   <element name="candy_house" layername="3" frame="3" z_index="6" m_a="1.000000" m_b="0.000000" m_c="0.000000" m_d="1.000000" m_tx="0.000000" m_ty="0.000000"/>
  </frame>
  <frame idx="200" w="1116" h="1517" x="-13.619019" y="-371.307068">
   <element name="candy_house" layername="3" frame="3" z_index="6" m_a="1.000000" m_b="0.000000" m_c="0.000000" m_d="1.000000" m_tx="0.000000" m_ty="0.000000"/>
  </frame>
  <frame idx="225" w="1116" h="1517" x="-13.619019" y="-371.307068">
   <element name="candy_house" layername="3" frame="3" z_index="6" m_a="1.000000" m_b="0.000000" m_c="0.000000" m_d="1.000000" m_tx="0.000000" m_ty="0.000000"/>
  </frame>
  <frame idx="250" w="1116" h="1517" x="-13.619019" y="-371.307068">
   <element name="candy_house" layername="3" frame="3" z_index="6" m_a="1.000000" m_b="0.000000" m_c="0.000000" m_d="1.000000" m_tx="0.000000" m_ty="0.000000"/>
  </frame>
  <frame idx="275" w="1116" h="1517" x="-13.619019" y="-371.307068">
   <element name="candy_house" layername="3" frame="3" z_index="6" m_a="1.000000" m_b="0.000000" m_c="0.000000" m_d="1.000000" m_tx="0.000000" m_ty="0.000000"/>
  </frame>
  <frame idx="300" w="1116" h="1517" x="-13.619019" y="-371.307068">
   <element name="candy_house" layername="3" frame="3" z_index="6" m_a="1.000000" m_b="0.000000" m_c="0.000000" m_d="1.000000" m_tx="0.000000" m_ty="0.000000"/>
  </frame>
  <frame idx="325" w="1116" h="1517" x="-13.619019" y="-371.307068">
   <element name="candy_house" layername="3" frame="3" z_index="6" m_a="1.000000" m_b="0.000000" m_c="0.000000" m_d="1.000000" m_tx="0.000000" m_ty="0.000000"/>
  </frame>
  <frame idx="350" w="1116" h="1517" x="-13.619019" y="-371.307068">
   <element name="candy_house" layername="3" frame="3" z_index="6" m_a="1.000000" m_b="0.000000" m_c="0.000000" m_d="1.000000" m_tx="0.000000" m_ty="0.000000"/>
  </frame>
  <frame idx="375" w="1116" h="1517" x="-13.619019" y="-371.307068">
   <element name="candy_house" layername="3" frame="3" z_index="6" m_a="1.000000" m_b="0.000000" m_c="0.000000" m_d="1.000000" m_tx="0.000000" m_ty="0.000000"/>
  </frame>
  <frame idx="400" w="1116" h="1517" x="-13.619019" y="-371.307068">
   <element name="candy_house" layername="3" frame="3" z_index="6" m_a="1.000000" m_b="0.000000" m_c="0.000000" m_d="1.000000" m_tx="0.000000" m_ty="0.000000"/>
  </frame>
  <frame idx="425" w="1116" h="1517" x="-13.619019" y="-371.307068">
   <element name="candy_house" layername="3" frame="3" z_index="6" m_a="1.000000" m_b="0.000000" m_c="0.000000" m_d="1.000000" m_tx="0.000000" m_ty="0.000000"/>
  </frame>
  <frame idx="450" w="1116" h="1517" x="-13.619019" y="-371.307068">
   <element name="candy_house" layername="3" frame="3" z_index="6" m_a="1.000000" m_b="0.000000" m_c="0.000000" m_d="1.000000" m_tx="0.000000" m_ty="0.000000"/>
  </frame>
  <frame idx="475" w="1116" h="1517" x="-13.619019" y="-371.307068">
   <element name="candy_house" layername="3" frame="3" z_index="6" m_a="1.000000" m_b="0.000000" m_c="0.000000" m_d="1.000000" m_tx="0.000000" m_ty="0.000000"/>
  </frame>
  <frame idx="500" w="1116" h="1517" x="-13.619019" y="-371.307068">
   <element name="candy_house" layername="3" frame="3" z_index="6" m_a="1.000000" m_b="0.000000" m_c="0.000000" m_d="1.000000" m_tx="0.000000" m_ty="0.000000"/>
  </frame>
  <frame idx="525" w="1116" h="1517" x="-13.619019" y="-371.307068">
   <element name="candy_house" layername="3" frame="3" z_index="6" m_a="1.000000" m_b="0.000000" m_c="0.000000" m_d="1.000000" m_tx="0.000000" m_ty="0.000000"/>
  </frame>
  <frame idx="550" w="1116" h="1517" x="-13.619019" y="-371.307068">
   <element name="candy_house" layername="3" frame="3" z_index="6" m_a="1.000000" m_b="0.000000" m_c="0.000000" m_d="1.000000" m_tx="0.000000" m_ty="0.000000"/>
  </frame>
  <frame idx="575" w="1116" h="1517" x="-13.619019" y="-371.307068">
   <element name="candy_house" layername="3" frame="3" z_index="6" m_a="1.000000" m_b="0.000000" m_c="0.000000" m_d="1.000000" m_tx="0.000000" m_ty="0.000000"/>
  </frame>
  <frame idx="600" w="1116" h="1517" x="-13.619019" y="-371.307068">
   <element name="candy_house" layername="3" frame="3" z_index="6" m_a="1.000000" m_b="0.000000" m_c="0.000000" m_d="1.000000" m_tx="0.000000" m_ty="0.000000"/>
  </frame>
  <frame idx="625" w="1116" h="1517" x="-13.619019" y="-371.307068">
   <element name="candy_house" layername="3" frame="3" z_index="6" m_a="1.000000" m_b="0.000000" m_c="0.000000" m_d="1.000000" m_tx="0.000000" m_ty="0.000000"/>
  </frame>
  <frame idx="650" w="1116" h="1517" x="-13.619019" y="-371.307068">
   <element name="candy_house" layername="3" frame="3" z_index="6" m_a="1.000000" m_b="0.000000" m_c="0.000000" m_d="1.000000" m_tx="0.000000" m_ty="0.000000"/>
  </frame>
  <frame idx="675" w="1116" h="1517" x="-13.619019" y="-371.307068">
   <element name="candy_house" layername="3" frame="3" z_index="6" m_a="1.000000" m_b="0.000000" m_c="0.000000" m_d="1.000000" m_tx="0.000000" m_ty="0.000000"/>
  </frame>
  <frame idx="700" w="1116" h="1517" x="-13.619019" y="-371.307068">
   <element name="candy_house" layername="3" frame="3" z_index="6" m_a="1.000000" m_b="0.000000" m_c="0.000000" m_d="1.000000" m_tx="0.000000" m_ty="0.000000"/>
  </frame>
  <frame idx="725" w="1116" h="1517" x="-13.619019" y="-371.307068">
   <element name="candy_house" layername="3" frame="3" z_index="6" m_a="1.000000" m_b="0.000000" m_c="0.000000" m_d="1.000000" m_tx="0.000000" m_ty="0.000000"/>
  </frame>
  <frame idx="750" w="1116" h="1517" x="-13.619019" y="-371.307068">
   <element name="candy_house" layername="3" frame="3" z_index="6" m_a="1.000000" m_b="0.000000" m_c="0.000000" m_d="1.000000" m_tx="0.000000" m_ty="0.000000"/>
  </frame>
  <frame idx="775" w="1116" h="1517" x="-13.619019" y="-371.307068">
   <element name="candy_house" layername="3" frame="3" z_index="6" m_a="1.000000" m_b="0.000000" m_c="0.000000" m_d="1.000000" m_tx="0.000000" m_ty="0.000000"/>
  </frame>
  <frame idx="800" w="1116" h="1517" x="-13.619019" y="-371.307068">
   <element name="candy_house" layername="3" frame="3" z_index="6" m_a="1.000000" m_b="0.000000" m_c="0.000000" m_d="1.000000" m_tx="0.000000" m_ty="0.000000"/>
  </frame>
  <frame idx="825" w="1116" h="1517" x="-13.619019" y="-371.307068">
   <element name="candy_house" layername="3" frame="3" z_index="6" m_a="1.000000" m_b="0.000000" m_c="0.000000" m_d="1.000000" m_tx="0.000000" m_ty="0.000000"/>
  </frame>
  <frame idx="850" w="1116" h="1517" x="-13.619019" y="-371.307068">
   <element name="candy_house" layername="3" frame="3" z_index="6" m_a="1.000000" m_b="0.000000" m_c="0.000000" m_d="1.000000" m_tx="0.000000" m_ty="0.000000"/>
  </frame>
  <frame idx="875" w="1116" h="1517" x="-13.619019" y="-371.307068">
   <element name="candy_house" layername="3" frame="3" z_index="6" m_a="1.000000" m_b="0.000000" m_c="0.000000" m_d="1.000000" m_tx="0.000000" m_ty="0.000000"/>
  </frame>
  <frame idx="900" w="1116" h="1517" x="-13.619019" y="-371.307068">
   <element name="candy_house" layername="3" frame="3" z_index="6" m_a="1.000000" m_b="0.000000" m_c="0.000000" m_d="1.000000" m_tx="0.000000" m_ty="0.000000"/>
  </frame>
  <frame idx="925" w="1116" h="1517" x="-13.619019" y="-371.307068">
   <element name="candy_house" layername="3" frame="3" z_index="6" m_a="1.000000" m_b="0.000000" m_c="0.000000" m_d="1.000000" m_tx="0.000000" m_ty="0.000000"/>
  </frame>
  <frame idx="950" w="1116" h="1517" x="-13.619019" y="-371.307068">
   <element name="candy_house" layername="3" frame="3" z_index="6" m_a="1.000000" m_b="0.000000" m_c="0.000000" m_d="1.000000" m_tx="0.000000" m_ty="0.000000"/>
  </frame>
  <frame idx="975" w="1116" h="1517" x="-13.619019" y="-371.307068">
   <element name="candy_house" layername="3" frame="3" z_index="6" m_a="1.000000" m_b="0.000000" m_c="0.000000" m_d="1.000000" m_tx="0.000000" m_ty="0.000000"/>
  </frame>
 </anim>
 <anim name="door_closing" root="exit" numframes="1000" framerate="40">
  <frame idx="0" w="1116" h="1517" x="-13.619019" y="-371.307068">
   <element name="candy_house" layername="3" frame="3" z_index="6" m_a="1.000000" m_b="0.000000" m_c="0.000000" m_d="1.000000" m_tx="0.000000" m_ty="0.000000"/>
  </frame>
  <frame idx="25" w="1116" h="1517" x="-13.619019" y="-371.307068">
   <element name="candy_house" layername="3" frame="3" z_index="6" m_a="1.000000" m_b="0.000000" m_c="0.000000" m_d="1.000000" m_tx="0.000000" m_ty="0.000000"/>
  </frame>
  <frame idx="50" w="1116" h="1517" x="-13.619019" y="-371.307068">
   <element name="candy_house" layername="3" frame="3" z_index="6" m_a="1.000000" m_b="0.000000" m_c="0.000000" m_d="1.000000" m_tx="0.000000" m_ty="0.000000"/>
  </frame>
  <frame idx="75" w="1116" h="1517" x="-13.619019" y="-371.307068">
   <element name="candy_house" layername="3" frame="3" z_index="6" m_a="1.000000" m_b="0.000000" m_c="0.000000" m_d="1.000000" m_tx="0.000000" m_ty="0.000000"/>
  </frame>
  <frame idx="100" w="1116" h="1517" x="-13.619019" y="-371.307068">
   <element name="candy_house" layername="3" frame="3" z_index="6" m_a="1.000000" m_b="0.000000" m_c="0.000000" m_d="1.000000" m_tx="0.000000" m_ty="0.000000"/>
  </frame>
  <frame idx="125" w="1116" h="1517" x="-13.619019" y="-371.307068">
   <element name="candy_house" layername="3" frame="3" z_index="6" m_a="1.000000" m_b="0.000000" m_c="0.000000" m_d="1.000000" m_tx="0.000000" m_ty="0.000000"/>
  </frame>
  <frame idx="150" w="1116" h="1517" x="-13.619019" y="-371.307068">
   <element name="candy_house" layername="3" frame="3" z_index="6" m_a="1.000000" m_b="0.000000" m_c="0.000000" m_d="1.000000" m_tx="0.000000" m_ty="0.000000"/>
  </frame>
  <frame idx="175" w="1116" h="1517" x="-13.619019" y="-371.307068">
   <element name="candy_house" layername="3" frame="3" z_index="6" m_a="1.000000" m_b="0.000000" m_c="0.000000" m_d="1.000000" m_tx="0.000000" m_ty="0.000000"/>
  </frame>
  <frame idx="200" w="1116" h="1517" x="-13.619019" y="-371.307068">
   <element name="candy_house" layername="3" frame="3" z_index="6" m_a="1.000000" m_b="0.000000" m_c="0.000000" m_d="1.000000" m_tx="0.000000" m_ty="0.000000"/>
  </frame>
  <frame idx="225" w="1116" h="1517" x="-13.619019" y="-371.307068">
   <element name="candy_house" layername="3" frame="3" z_index="6" m_a="1.000000" m_b="0.000000" m_c="0.000000" m_d="1.000000" m_tx="0.000000" m_ty="0.000000"/>
  </frame>
  <frame idx="250" w="1116" h="1517" x="-13.619019" y="-371.307068">
   <element name="candy_house" layername="3" frame="3" z_index="6" m_a="1.000000" m_b="0.000000" m_c="0.000000" m_d="1.000000" m_tx="0.000000" m_ty="0.000000"/>
  </frame>
  <frame idx="275" w="1116" h="1517" x="-13.619019" y="-371.307068">
   <element name="candy_house" layername="3" frame="3" z_index="6" m_a="1.000000" m_b="0.000000" m_c="0.000000" m_d="1.000000" m_tx="0.000000" m_ty="0.000000"/>
  </frame>
  <frame idx="300" w="1116" h="1517" x="-13.619019" y="-371.307068">
   <element name="candy_house" layername="3" frame="3" z_index="6" m_a="1.000000" m_b="0.000000" m_c="0.000000" m_d="1.000000" m_tx="0.000000" m_ty="0.000000"/>
  </frame>
  <frame idx="325" w="1116" h="1517" x="-13.619019" y="-371.307068">
   <element name="candy_house" layername="3" frame="3" z_index="6" m_a="1.000000" m_b="0.000000" m_c="0.000000" m_d="1.000000" m_tx="0.000000" m_ty="0.000000"/>
  </frame>
  <frame idx="350" w="1116" h="1517" x="-13.619019" y="-371.307068">
   <element name="candy_house" layername="3" frame="3" z_index="6" m_a="1.000000" m_b="0.000000" m_c="0.000000" m_d="1.000000" m_tx="0.000000" m_ty="0.000000"/>
  </frame>
  <frame idx="375" w="1116" h="1517" x="-13.619019" y="-371.307068">
   <element name="candy_house" layername="3" frame="3" z_index="6" m_a="1.000000" m_b="0.000000" m_c="0.000000" m_d="1.000000" m_tx="0.000000" m_ty="0.000000"/>
  </frame>
  <frame idx="400" w="1116" h="1517" x="-13.619019" y="-371.307068">
   <element name="candy_house" layername="3" frame="3" z_index="6" m_a="1.000000" m_b="0.000000" m_c="0.000000" m_d="1.000000" m_tx="0.000000" m_ty="0.000000"/>
  </frame>
  <frame idx="425" w="1116" h="1517" x="-13.619019" y="-371.307068">
   <element name="candy_house" layername="3" frame="3" z_index="6" m_a="1.000000" m_b="0.000000" m_c="0.000000" m_d="1.000000" m_tx="0.000000" m_ty="0.000000"/>
  </frame>
  <frame idx="450" w="1116" h="1517" x="-13.619019" y="-371.307068">
   <element name="candy_house" layername="3" frame="3" z_index="6" m_a="1.000000" m_b="0.000000" m_c="0.000000" m_d="1.000000" m_tx="0.000000" m_ty="0.000000"/>
  </frame>
  <frame idx="475" w="1116" h="1517" x="-13.619019" y="-371.307068">
   <element name="candy_house" layername="3" frame="3" z_index="6" m_a="1.000000" m_b="0.000000" m_c="0.000000" m_d="1.000000" m_tx="0.000000" m_ty="0.000000"/>
  </frame>
  <frame idx="500" w="1116" h="1517" x="-13.619019" y="-371.307068">
   <element name="candy_house" layername="3" frame="3" z_index="6" m_a="1.000000" m_b="0.000000" m_c="0.000000" m_d="1.000000" m_tx="0.000000" m_ty="0.000000"/>
  </frame>
  <frame idx="525" w="1116" h="1517" x="-13.619019" y="-371.307068">
   <element name="candy_house" layername="3" frame="3" z_index="6" m_a="1.000000" m_b="0.000000" m_c="0.000000" m_d="1.000000" m_tx="0.000000" m_ty="0.000000"/>
  </frame>
  <frame idx="550" w="1116" h="1517" x="-13.619019" y="-371.307068">
   <element name="candy_house" layername="3" frame="3" z_index="6" m_a="1.000000" m_b="0.000000" m_c="0.000000" m_d="1.000000" m_tx="0.000000" m_ty="0.000000"/>
  </frame>
  <frame idx="575" w="1116" h="1517" x="-13.619019" y="-371.307068">
   <element name="candy_house" layername="3" frame="3" z_index="6" m_a="1.000000" m_b="0.000000" m_c="0.000000" m_d="1.000000" m_tx="0.000000" m_ty="0.000000"/>
  </frame>
  <frame idx="600" w="1116" h="1517" x="-13.619019" y="-371.307068">
   <element name="candy_house" layername="3" frame="3" z_index="6" m_a="1.000000" m_b="0.000000" m_c="0.000000" m_d="1.000000" m_tx="0.000000" m_ty="0.000000"/>
  </frame>
  <frame idx="625" w="1116" h="1517" x="-13.619019" y="-371.307068">
   <element name="candy_house" layername="3" frame="3" z_index="6" m_a="1.000000" m_b="0.000000" m_c="0.000000" m_d="1.000000" m_tx="0.000000" m_ty="0.000000"/>
  </frame>
  <frame idx="650" w="1116" h="1517" x="-13.619019" y="-371.307068">
   <element name="candy_house" layername="3" frame="3" z_index="6" m_a="1.000000" m_b="0.000000" m_c="0.000000" m_d="1.000000" m_tx="0.000000" m_ty="0.000000"/>
  </frame>
  <frame idx="675" w="1116" h="1517" x="-13.619019" y="-371.307068">
   <element name="candy_house" layername="3" frame="3" z_index="6" m_a="1.000000" m_b="0.000000" m_c="0.000000" m_d="1.000000" m_tx="0.000000" m_ty="0.000000"/>
  </frame>
  <frame idx="700" w="1116" h="1517" x="-13.619019" y="-371.307068">
   <element name="candy_house" layername="3" frame="3" z_index="6" m_a="1.000000" m_b="0.000000" m_c="0.000000" m_d="1.000000" m_tx="0.000000" m_ty="0.000000"/>
  </frame>
  <frame idx="725" w="1116" h="1517" x="-13.619019" y="-371.307068">
   <element name="candy_house" layername="3" frame="3" z_index="6" m_a="1.000000" m_b="0.000000" m_c="0.000000" m_d="1.000000" m_tx="0.000000" m_ty="0.000000"/>
  </frame>
  <frame idx="750" w="1116" h="1517" x="-13.619019" y="-371.307068">
   <element name="candy_house" layername="3" frame="3" z_index="6" m_a="1.000000" m_b="0.000000" m_c="0.000000" m_d="1.000000" m_tx="0.000000" m_ty="0.000000"/>
  </frame>
  <frame idx="775" w="1116" h="1517" x="-13.619019" y="-371.307068">
   <element name="candy_house" layername="3" frame="3" z_index="6" m_a="1.000000" m_b="0.000000" m_c="0.000000" m_d="1.000000" m_tx="0.000000" m_ty="0.000000"/>
  </frame>
  <frame idx="800" w="1116" h="1517" x="-13.619019" y="-371.307068">
   <element name="candy_house" layername="3" frame="3" z_index="6" m_a="1.000000" m_b="0.000000" m_c="0.000000" m_d="1.000000" m_tx="0.000000" m_ty="0.000000"/>
  </frame>
  <frame idx="825" w="1116" h="1517" x="-13.619019" y="-371.307068">
   <element name="candy_house" layername="3" frame="3" z_index="6" m_a="1.000000" m_b="0.000000" m_c="0.000000" m_d="1.000000" m_tx="0.000000" m_ty="0.000000"/>
  </frame>
  <frame idx="850" w="1116" h="1517" x="-13.619019" y="-371.307068">
   <element name="candy_house" layername="3" frame="3" z_index="6" m_a="1.000000" m_b="0.000000" m_c="0.000000" m_d="1.000000" m_tx="0.000000" m_ty="0.000000"/>
  </frame>
  <frame idx="875" w="1116" h="1517" x="-13.619019" y="-371.307068">
   <element name="candy_house" layername="3" frame="3" z_index="6" m_a="1.000000" m_b="0.000000" m_c="0.000000" m_d="1.000000" m_tx="0.000000" m_ty="0.000000"/>
  </frame>
  <frame idx="900" w="1116" h="1517" x="-13.619019" y="-371.307068">
   <element name="candy_house" layername="3" frame="3" z_index="6" m_a="1.000000" m_b="0.000000" m_c="0.000000" m_d="1.000000" m_tx="0.000000" m_ty="0.000000"/>
  </frame>
  <frame idx="925" w="1116" h="1517" x="-13.619019" y="-371.307068">
   <element name="candy_house" layername="3" frame="3" z_index="6" m_a="1.000000" m_b="0.000000" m_c="0.000000" m_d="1.000000" m_tx="0.000000" m_ty="0.000000"/>
  </frame>
  <frame idx="950" w="1116" h="1517" x="-13.619019" y="-371.307068">
   <element name="candy_house" layername="3" frame="3" z_index="6" m_a="1.000000" m_b="0.000000" m_c="0.000000" m_d="1.000000" m_tx="0.000000" m_ty="0.000000"/>
  </frame>
  <frame idx="975" w="1116" h="1517" x="-13.619019" y="-371.307068">
   <element name="candy_house" layername="3" frame="3" z_index="6" m_a="1.000000" m_b="0.000000" m_c="0.000000" m_d="1.000000" m_tx="0.000000" m_ty="0.000000"/>
  </frame>
 </anim>
 <anim name="hit" root="exit" numframes="1000" framerate="40">
  <frame idx="0" w="1116" h="1517" x="-13.619019" y="-371.307068">
   <element name="candy_house" layername="3" frame="3" z_index="6" m_a="1.000000" m_b="0.000000" m_c="0.000000" m_d="1.000000" m_tx="0.000000" m_ty="0.000000"/>
  </frame>
  <frame idx="25" w="1116" h="1517" x="-13.619019" y="-371.307068">
   <element name="candy_house" layername="3" frame="3" z_index="6" m_a="1.000000" m_b="0.000000" m_c="0.000000" m_d="1.000000" m_tx="0.000000" m_ty="0.000000"/>
  </frame>
  <frame idx="50" w="1116" h="1517" x="-13.619019" y="-371.307068">
   <element name="candy_house" layername="3" frame="3" z_index="6" m_a="1.000000" m_b="0.000000" m_c="0.000000" m_d="1.000000" m_tx="0.000000" m_ty="0.000000"/>
  </frame>
  <frame idx="75" w="1116" h="1517" x="-13.619019" y="-371.307068">
   <element name="candy_house" layername="3" frame="3" z_index="6" m_a="1.000000" m_b="0.000000" m_c="0.000000" m_d="1.000000" m_tx="0.000000" m_ty="0.000000"/>
  </frame>
  <frame idx="100" w="1116" h="1517" x="-13.619019" y="-371.307068">
   <element name="candy_house" layername="3" frame="3" z_index="6" m_a="1.000000" m_b="0.000000" m_c="0.000000" m_d="1.000000" m_tx="0.000000" m_ty="0.000000"/>
  </frame>
  <frame idx="125" w="1116" h="1517" x="-13.619019" y="-371.307068">
   <element name="candy_house" layername="3" frame="3" z_index="6" m_a="1.000000" m_b="0.000000" m_c="0.000000" m_d="1.000000" m_tx="0.000000" m_ty="0.000000"/>
  </frame>
  <frame idx="150" w="1116" h="1517" x="-13.619019" y="-371.307068">
   <element name="candy_house" layername="3" frame="3" z_index="6" m_a="1.000000" m_b="0.000000" m_c="0.000000" m_d="1.000000" m_tx="0.000000" m_ty="0.000000"/>
  </frame>
  <frame idx="175" w="1116" h="1517" x="-13.619019" y="-371.307068">
   <element name="candy_house" layername="3" frame="3" z_index="6" m_a="1.000000" m_b="0.000000" m_c="0.000000" m_d="1.000000" m_tx="0.000000" m_ty="0.000000"/>
  </frame>
  <frame idx="200" w="1116" h="1517" x="-13.619019" y="-371.307068">
   <element name="candy_house" layername="3" frame="3" z_index="6" m_a="1.000000" m_b="0.000000" m_c="0.000000" m_d="1.000000" m_tx="0.000000" m_ty="0.000000"/>
  </frame>
  <frame idx="225" w="1116" h="1517" x="-13.619019" y="-371.307068">
   <element name="candy_house" layername="3" frame="3" z_index="6" m_a="1.000000" m_b="0.000000" m_c="0.000000" m_d="1.000000" m_tx="0.000000" m_ty="0.000000"/>
  </frame>
  <frame idx="250" w="1116" h="1517" x="-13.619019" y="-371.307068">
   <element name="candy_house" layername="3" frame="3" z_index="6" m_a="1.000000" m_b="0.000000" m_c="0.000000" m_d="1.000000" m_tx="0.000000" m_ty="0.000000"/>
  </frame>
  <frame idx="275" w="1116" h="1517" x="-13.619019" y="-371.307068">
   <element name="candy_house" layername="3" frame="3" z_index="6" m_a="1.000000" m_b="0.000000" m_c="0.000000" m_d="1.000000" m_tx="0.000000" m_ty="0.000000"/>
  </frame>
  <frame idx="300" w="1116" h="1517" x="-13.619019" y="-371.307068">
   <element name="candy_house" layername="3" frame="3" z_index="6" m_a="1.000000" m_b="0.000000" m_c="0.000000" m_d="1.000000" m_tx="0.000000" m_ty="0.000000"/>
  </frame>
  <frame idx="325" w="1116" h="1517" x="-13.619019" y="-371.307068">
   <element name="candy_house" layername="3" frame="3" z_index="6" m_a="1.000000" m_b="0.000000" m_c="0.000000" m_d="1.000000" m_tx="0.000000" m_ty="0.000000"/>
  </frame>
  <frame idx="350" w="1116" h="1517" x="-13.619019" y="-371.307068">
   <element name="candy_house" layername="3" frame="3" z_index="6" m_a="1.000000" m_b="0.000000" m_c="0.000000" m_d="1.000000" m_tx="0.000000" m_ty="0.000000"/>
  </frame>
  <frame idx="375" w="1116" h="1517" x="-13.619019" y="-371.307068">
   <element name="candy_house" layername="3" frame="3" z_index="6" m_a="1.000000" m_b="0.000000" m_c="0.000000" m_d="1.000000" m_tx="0.000000" m_ty="0.000000"/>
  </frame>
  <frame idx="400" w="1116" h="1517" x="-13.619019" y="-371.307068">
   <element name="candy_house" layername="3" frame="3" z_index="6" m_a="1.000000" m_b="0.000000" m_c="0.000000" m_d="1.000000" m_tx="0.000000" m_ty="0.000000"/>
  </frame>
  <frame idx="425" w="1116" h="1517" x="-13.619019" y="-371.307068">
   <element name="candy_house" layername="3" frame="3" z_index="6" m_a="1.000000" m_b="0.000000" m_c="0.000000" m_d="1.000000" m_tx="0.000000" m_ty="0.000000"/>
  </frame>
  <frame idx="450" w="1116" h="1517" x="-13.619019" y="-371.307068">
   <element name="candy_house" layername="3" frame="3" z_index="6" m_a="1.000000" m_b="0.000000" m_c="0.000000" m_d="1.000000" m_tx="0.000000" m_ty="0.000000"/>
  </frame>
  <frame idx="475" w="1116" h="1517" x="-13.619019" y="-371.307068">
   <element name="candy_house" layername="3" frame="3" z_index="6" m_a="1.000000" m_b="0.000000" m_c="0.000000" m_d="1.000000" m_tx="0.000000" m_ty="0.000000"/>
  </frame>
  <frame idx="500" w="1116" h="1517" x="-13.619019" y="-371.307068">
   <element name="candy_house" layername="3" frame="3" z_index="6" m_a="1.000000" m_b="0.000000" m_c="0.000000" m_d="1.000000" m_tx="0.000000" m_ty="0.000000"/>
  </frame>
  <frame idx="525" w="1116" h="1517" x="-13.619019" y="-371.307068">
   <element name="candy_house" layername="3" frame="3" z_index="6" m_a="1.000000" m_b="0.000000" m_c="0.000000" m_d="1.000000" m_tx="0.000000" m_ty="0.000000"/>
  </frame>
  <frame idx="550" w="1116" h="1517" x="-13.619019" y="-371.307068">
   <element name="candy_house" layername="3" frame="3" z_index="6" m_a="1.000000" m_b="0.000000" m_c="0.000000" m_d="1.000000" m_tx="0.000000" m_ty="0.000000"/>
  </frame>
  <frame idx="575" w="1116" h="1517" x="-13.619019" y="-371.307068">
   <element name="candy_house" layername="3" frame="3" z_index="6" m_a="1.000000" m_b="0.000000" m_c="0.000000" m_d="1.000000" m_tx="0.000000" m_ty="0.000000"/>
  </frame>
  <frame idx="600" w="1116" h="1517" x="-13.619019" y="-371.307068">
   <element name="candy_house" layername="3" frame="3" z_index="6" m_a="1.000000" m_b="0.000000" m_c="0.000000" m_d="1.000000" m_tx="0.000000" m_ty="0.000000"/>
  </frame>
  <frame idx="625" w="1116" h="1517" x="-13.619019" y="-371.307068">
   <element name="candy_house" layername="3" frame="3" z_index="6" m_a="1.000000" m_b="0.000000" m_c="0.000000" m_d="1.000000" m_tx="0.000000" m_ty="0.000000"/>
  </frame>
  <frame idx="650" w="1116" h="1517" x="-13.619019" y="-371.307068">
   <element name="candy_house" layername="3" frame="3" z_index="6" m_a="1.000000" m_b="0.000000" m_c="0.000000" m_d="1.000000" m_tx="0.000000" m_ty="0.000000"/>
  </frame>
  <frame idx="675" w="1116" h="1517" x="-13.619019" y="-371.307068">
   <element name="candy_house" layername="3" frame="3" z_index="6" m_a="1.000000" m_b="0.000000" m_c="0.000000" m_d="1.000000" m_tx="0.000000" m_ty="0.000000"/>
  </frame>
  <frame idx="700" w="1116" h="1517" x="-13.619019" y="-371.307068">
   <element name="candy_house" layername="3" frame="3" z_index="6" m_a="1.000000" m_b="0.000000" m_c="0.000000" m_d="1.000000" m_tx="0.000000" m_ty="0.000000"/>
  </frame>
  <frame idx="725" w="1116" h="1517" x="-13.619019" y="-371.307068">
   <element name="candy_house" layername="3" frame="3" z_index="6" m_a="1.000000" m_b="0.000000" m_c="0.000000" m_d="1.000000" m_tx="0.000000" m_ty="0.000000"/>
  </frame>
  <frame idx="750" w="1116" h="1517" x="-13.619019" y="-371.307068">
   <element name="candy_house" layername="3" frame="3" z_index="6" m_a="1.000000" m_b="0.000000" m_c="0.000000" m_d="1.000000" m_tx="0.000000" m_ty="0.000000"/>
  </frame>
  <frame idx="775" w="1116" h="1517" x="-13.619019" y="-371.307068">
   <element name="candy_house" layername="3" frame="3" z_index="6" m_a="1.000000" m_b="0.000000" m_c="0.000000" m_d="1.000000" m_tx="0.000000" m_ty="0.000000"/>
  </frame>
  <frame idx="800" w="1116" h="1517" x="-13.619019" y="-371.307068">
   <element name="candy_house" layername="3" frame="3" z_index="6" m_a="1.000000" m_b="0.000000" m_c="0.000000" m_d="1.000000" m_tx="0.000000" m_ty="0.000000"/>
  </frame>
  <frame idx="825" w="1116" h="1517" x="-13.619019" y="-371.307068">
   <element name="candy_house" layername="3" frame="3" z_index="6" m_a="1.000000" m_b="0.000000" m_c="0.000000" m_d="1.000000" m_tx="0.000000" m_ty="0.000000"/>
  </frame>
  <frame idx="850" w="1116" h="1517" x="-13.619019" y="-371.307068">
   <element name="candy_house" layername="3" frame="3" z_index="6" m_a="1.000000" m_b="0.000000" m_c="0.000000" m_d="1.000000" m_tx="0.000000" m_ty="0.000000"/>
  </frame>
  <frame idx="875" w="1116" h="1517" x="-13.619019" y="-371.307068">
   <element name="candy_house" layername="3" frame="3" z_index="6" m_a="1.000000" m_b="0.000000" m_c="0.000000" m_d="1.000000" m_tx="0.000000" m_ty="0.000000"/>
  </frame>
  <frame idx="900" w="1116" h="1517" x="-13.619019" y="-371.307068">
   <element name="candy_house" layername="3" frame="3" z_index="6" m_a="1.000000" m_b="0.000000" m_c="0.000000" m_d="1.000000" m_tx="0.000000" m_ty="0.000000"/>
  </frame>
  <frame idx="925" w="1116" h="1517" x="-13.619019" y="-371.307068">
   <element name="candy_house" layername="3" frame="3" z_index="6" m_a="1.000000" m_b="0.000000" m_c="0.000000" m_d="1.000000" m_tx="0.000000" m_ty="0.000000"/>
  </frame>
  <frame idx="950" w="1116" h="1517" x="-13.619019" y="-371.307068">
   <element name="candy_house" layername="3" frame="3" z_index="6" m_a="1.000000" m_b="0.000000" m_c="0.000000" m_d="1.000000" m_tx="0.000000" m_ty="0.000000"/>
  </frame>
  <frame idx="975" w="1116" h="1517" x="-13.619019" y="-371.307068">
   <element name="candy_house" layername="3" frame="3" z_index="6" m_a="1.000000" m_b="0.000000" m_c="0.000000" m_d="1.000000" m_tx="0.000000" m_ty="0.000000"/>
  </frame>
 </anim>
</Anims>
