<Anims>
 <anim name="close_90s" root="candy_chest" numframes="150" framerate="40">
  <frame idx="0" w="660" h="669" x="0.000000" y="-20.487549">
   <element name="chest" layername="chest" frame="0" z_index="2" m_a="1.000000" m_b="0.000000" m_c="0.000000" m_d="0.934753" m_tx="0.000000" m_ty="0.000000"/>
  </frame>
  <frame idx="25" w="660" h="637" x="0.000000" y="-49.505005">
   <element name="chest" layername="chest" frame="0" z_index="2" m_a="1.000000" m_b="0.000000" m_c="0.000000" m_d="0.842341" m_tx="0.000000" m_ty="0.000000"/>
  </frame>
  <frame idx="50" w="660" h="576" x="0.000000" y="-105.932495">
   <element name="chest" layername="chest" frame="0" z_index="2" m_a="1.000000" m_b="0.000000" m_c="0.000000" m_d="0.662635" m_tx="0.000000" m_ty="0.000000"/>
  </frame>
  <frame idx="75" w="660" h="480" x="0.000000" y="-192.219299">
   <element name="chest" layername="chest" frame="0" z_index="2" m_a="1.000000" m_b="0.000000" m_c="0.000000" m_d="0.387837" m_tx="0.000000" m_ty="0.000000"/>
  </frame>
  <frame idx="100" w="575" h="359" x="-78.260864" y="-302.044250">
   <element name="chest" layername="chest" frame="0" z_index="2" m_a="0.739130" m_b="0.000000" m_c="0.000000" m_d="0.038076" m_tx="0.000000" m_ty="0.000000"/>
  </frame>
  <frame idx="125" w="330" h="346" x="-300.000000" y="-314.000000">
   <element name="chest" layername="chest" frame="0" z_index="2" m_a="0.000000" m_b="0.000000" m_c="0.000000" m_d="0.000000" m_tx="0.000000" m_ty="0.000000"/>
  </frame>
 </anim>
 <anim name="open_90s" root="candy_chest" numframes="200" framerate="40">
  <frame idx="0" w="660" h="372" x="0.000000" y="-290.158600">
   <element name="chest" layername="chest" frame="0" z_index="2" m_a="1.000000" m_b="0.000000" m_c="0.000000" m_d="0.075928" m_tx="0.000000" m_ty="0.000000"/>
  </frame>
  <frame idx="25" w="666" h="433" x="4.787994" y="-235.136703">
   <element name="chest" layername="chest" frame="0" z_index="2" m_a="1.015960" m_b="0.000000" m_c="0.000000" m_d="0.251157" m_tx="0.000000" m_ty="0.000000"/>
  </frame>
  <frame idx="50" w="678" h="575" x="15.987000" y="-106.483047">
   <element name="chest" layername="chest" frame="0" z_index="2" m_a="1.053290" m_b="0.000000" m_c="0.000000" m_d="0.660882" m_tx="0.000000" m_ty="0.000000"/>
  </frame>
  <frame idx="75" w="686" h="696" x="22.289886" y="3.518982">
   <element name="chest" layername="chest" frame="0" z_index="2" m_a="1.074300" m_b="0.000000" m_c="0.000000" m_d="1.011207" m_tx="0.000000" m_ty="0.000000"/>
  </frame>
  <frame idx="100" w="674" h="697" x="11.576996" y="4.028625">
   <element name="chest" layername="chest" frame="0" z_index="2" m_a="1.038590" m_b="0.000000" m_c="0.000000" m_d="1.012830" m_tx="0.000000" m_ty="0.000000"/>
  </frame>
  <frame idx="125" w="667" h="693" x="5.196014" y="1.761536">
   <element name="chest" layername="chest" frame="0" z_index="2" m_a="1.017320" m_b="0.000000" m_c="0.000000" m_d="1.005610" m_tx="0.000000" m_ty="0.000000"/>
  </frame>
  <frame idx="150" w="663" h="692" x="1.493988" y="0.449036">
   <element name="chest" layername="chest" frame="0" z_index="2" m_a="1.004980" m_b="0.000000" m_c="0.000000" m_d="1.001430" m_tx="0.000000" m_ty="0.000000"/>
  </frame>
  <frame idx="175" w="660" h="691" x="0.000000" y="-0.076630">
   <element name="chest" layername="chest" frame="0" z_index="2" m_a="1.000000" m_b="0.000000" m_c="0.000000" m_d="0.999756" m_tx="0.000000" m_ty="0.000000"/>
  </frame>
 </anim>
</Anims>
